<?xml version="1.0" encoding="UTF-8"?><rss version="2.0"
	xmlns:content="http://purl.org/rss/1.0/modules/content/"
	xmlns:wfw="http://wellformedweb.org/CommentAPI/"
	xmlns:dc="http://purl.org/dc/elements/1.1/"
	xmlns:atom="http://www.w3.org/2005/Atom"
	xmlns:sy="http://purl.org/rss/1.0/modules/syndication/"
	xmlns:slash="http://purl.org/rss/1.0/modules/slash/"
	>

<channel>
	<title>FN</title>
	<atom:link href="/feed/" rel="self" type="application/rss+xml" />
	<link></link>
	<description>Your Problem is our Business</description>
	<lastBuildDate>Wed, 26 Aug 2020 12:26:03 +0000</lastBuildDate>
	<language>en-US</language>
	<sy:updatePeriod>
	hourly	</sy:updatePeriod>
	<sy:updateFrequency>
	1	</sy:updateFrequency>
	<generator>https://wordpress.org/?v=5.5</generator>
	<item>
		<title>Our Freight Servies</title>
		<link>/our-freight-servies/</link>
					<comments>/our-freight-servies/#respond</comments>
		
		<dc:creator><![CDATA[AliRaza]]></dc:creator>
		<pubDate>Wed, 26 Aug 2020 11:21:47 +0000</pubDate>
				<category><![CDATA[Services]]></category>
		<guid isPermaLink="false">/?p=161</guid>

					<description><![CDATA[he standard chunk of Lorem Ipsum used since the 1500s is reproduced below for those interested. Sections 1.10.32 and 1.10.33 from &#8220;de Finibus Bonorum et Malorum&#8221; by Cicero are also reproduced in their exact original form, accompanied by English versions from the 1914 translation by H. Rackham.he standard chunk of Lorem Ipsum used since the &#8230;<p class="read-more"> <a class="" href="/our-freight-servies/"> <span class="screen-reader-text">Our Freight Servies</span> Read More &#187;</a></p>]]></description>
										<content:encoded><![CDATA[
<p>he standard chunk of Lorem Ipsum used since the 1500s is reproduced below for those interested. Sections 1.10.32 and 1.10.33 from &#8220;de Finibus Bonorum et Malorum&#8221; by Cicero are also reproduced in their exact original form, accompanied by English versions from the 1914 translation by H. Rackham.he standard chunk of Lorem Ipsum used since the 1500s is reproduced below for those interested. Sections 1.10.32 and 1.10.33 from &#8220;de Finibus Bonorum et Malorum&#8221; by Cicero are also reproduced in their exact original form, accompanied by English versions from the 1914 translation by H. Rackham.he standard chunk of Lorem Ipsum used since the 1500s is reproduced below for those interested. Sections 1.10.32 and 1.10.33 from &#8220;de Finibus Bonorum et Malorum&#8221; by Cicero are also reproduced in their exact original form, accompanied by English versions from the 1914 translation by H. Rackham.</p>
]]></content:encoded>
					
					<wfw:commentRss>/our-freight-servies/feed/</wfw:commentRss>
			<slash:comments>0</slash:comments>
		
		
			</item>
		<item>
		<title>Our Recent Promotion</title>
		<link>/elementor-149/</link>
					<comments>/elementor-149/#respond</comments>
		
		<dc:creator><![CDATA[AliRaza]]></dc:creator>
		<pubDate>Wed, 26 Aug 2020 10:46:51 +0000</pubDate>
				<category><![CDATA[Promotions]]></category>
		<guid isPermaLink="false">/?p=149</guid>

					<description><![CDATA[Lorem ipsum dolor sit amet, consectetur adipiscing elit. Ut elit tellus, luctus nec ullamcorper mattis, pulvinar dapibus leo.Lorem ipsum dolor sit amet, consectetur adipiscing elit. Ut elit tellus, luctus nec ullamcorper mattis, pulvinar dapibus leo.Lorem ipsum dolor sit amet, consectetur adipiscing elit. Ut elit tellus, luctus nec ullamcorper mattis, pulvinar dapibus leo.Lorem ipsum dolor sit &#8230;<p class="read-more"> <a class="" href="/elementor-149/"> <span class="screen-reader-text">Our Recent Promotion</span> Read More &#187;</a></p>]]></description>
										<content:encoded><![CDATA[		<div data-elementor-type="wp-post" data-elementor-id="149" class="elementor elementor-149" data-elementor-settings="[]">
			<div class="elementor-inner">
				<div class="elementor-section-wrap">
							<section class="elementor-element elementor-element-6209139 elementor-section-stretched elementor-section-full_width elementor-section-height-default elementor-section-height-default elementor-section elementor-top-section" data-id="6209139" data-element_type="section" data-settings="{&quot;background_background&quot;:&quot;gradient&quot;,&quot;stretch_section&quot;:&quot;section-stretched&quot;}">
						<div class="elementor-container elementor-column-gap-default">
				<div class="elementor-row">
				<div class="elementor-element elementor-element-fb280c4 elementor-column elementor-col-100 elementor-top-column" data-id="fb280c4" data-element_type="column">
			<div class="elementor-column-wrap  elementor-element-populated">
					<div class="elementor-widget-wrap">
				<div class="elementor-element elementor-element-5efb2a5 elementor-widget elementor-widget-image" data-id="5efb2a5" data-element_type="widget" data-widget_type="image.default">
				<div class="elementor-widget-container">
					<div class="elementor-image">
										<img width="720" height="405" src="/wp-content/uploads/2020/08/solutions-shipping-and-cargo-services-720x405_v2.jpg" class="attachment-full size-full" alt="" loading="lazy" srcset="/wp-content/uploads/2020/08/solutions-shipping-and-cargo-services-720x405_v2.jpg 720w, /wp-content/uploads/2020/08/solutions-shipping-and-cargo-services-720x405_v2-300x169.jpg 300w" sizes="(max-width: 720px) 100vw, 720px" />											</div>
				</div>
				</div>
				<div class="elementor-element elementor-element-6dce571 elementor-widget elementor-widget-text-editor" data-id="6dce571" data-element_type="widget" data-widget_type="text-editor.default">
				<div class="elementor-widget-container">
					<div class="elementor-text-editor elementor-clearfix"><p>Lorem ipsum dolor sit amet, consectetur adipiscing elit. Ut elit tellus, luctus nec ullamcorper mattis, pulvinar dapibus leo.Lorem ipsum dolor sit amet, consectetur adipiscing elit. Ut elit tellus, luctus nec ullamcorper mattis, pulvinar dapibus leo.Lorem ipsum dolor sit amet, consectetur adipiscing elit. Ut elit tellus, luctus nec ullamcorper mattis, pulvinar dapibus leo.Lorem ipsum dolor sit amet, consectetur adipiscing elit. Ut elit tellus, luctus nec ullamcorper mattis, pulvinar dapibus leo.Lorem ipsum dolor sit amet, consectetur adipiscing elit. Ut elit tellus, luctus nec ullamcorper mattis, pulvinar dapibus leo.</p></div>
				</div>
				</div>
						</div>
			</div>
		</div>
						</div>
			</div>
		</section>
						</div>
			</div>
		</div>
		]]></content:encoded>
					
					<wfw:commentRss>/elementor-149/feed/</wfw:commentRss>
			<slash:comments>0</slash:comments>
		
		
			</item>
	</channel>
</rss>
