<?xml version="1.0" encoding="UTF-8"?><rss version="2.0"
	xmlns:content="http://purl.org/rss/1.0/modules/content/"
	xmlns:dc="http://purl.org/dc/elements/1.1/"
	xmlns:atom="http://www.w3.org/2005/Atom"
	xmlns:sy="http://purl.org/rss/1.0/modules/syndication/"
	
	>
<channel>
	<title>
	Comments on: Our Freight Servies	</title>
	<atom:link href="/our-freight-servies/feed/" rel="self" type="application/rss+xml" />
	<link>/our-freight-servies/</link>
	<description>Your Problem is our Business</description>
	<lastBuildDate>Wed, 26 Aug 2020 12:26:03 +0000</lastBuildDate>
	<sy:updatePeriod>
	hourly	</sy:updatePeriod>
	<sy:updateFrequency>
	1	</sy:updateFrequency>
	<generator>https://wordpress.org/?v=5.5</generator>
</channel>
</rss>
