<?xml version="1.0" encoding="UTF-8"?><rss version="2.0"
	xmlns:content="http://purl.org/rss/1.0/modules/content/"
	xmlns:wfw="http://wellformedweb.org/CommentAPI/"
	xmlns:dc="http://purl.org/dc/elements/1.1/"
	xmlns:atom="http://www.w3.org/2005/Atom"
	xmlns:sy="http://purl.org/rss/1.0/modules/syndication/"
	xmlns:slash="http://purl.org/rss/1.0/modules/slash/"
	>

<channel>
	<title>Services &#8211; FN</title>
	<atom:link href="/category/services/feed/" rel="self" type="application/rss+xml" />
	<link></link>
	<description>Your Problem is our Business</description>
	<lastBuildDate>Wed, 26 Aug 2020 12:26:03 +0000</lastBuildDate>
	<language>en-US</language>
	<sy:updatePeriod>
	hourly	</sy:updatePeriod>
	<sy:updateFrequency>
	1	</sy:updateFrequency>
	<generator>https://wordpress.org/?v=5.5</generator>
	<item>
		<title>Our Freight Servies</title>
		<link>/our-freight-servies/</link>
					<comments>/our-freight-servies/#respond</comments>
		
		<dc:creator><![CDATA[AliRaza]]></dc:creator>
		<pubDate>Wed, 26 Aug 2020 11:21:47 +0000</pubDate>
				<category><![CDATA[Services]]></category>
		<guid isPermaLink="false">/?p=161</guid>

					<description><![CDATA[he standard chunk of Lorem Ipsum used since the 1500s is reproduced below for those interested. Sections 1.10.32 and 1.10.33 from &#8220;de Finibus Bonorum et Malorum&#8221; by Cicero are also reproduced in their exact original form, accompanied by English versions from the 1914 translation by H. Rackham.he standard chunk of Lorem Ipsum used since the &#8230;<p class="read-more"> <a class="" href="/our-freight-servies/"> <span class="screen-reader-text">Our Freight Servies</span> Read More &#187;</a></p>]]></description>
										<content:encoded><![CDATA[
<p>he standard chunk of Lorem Ipsum used since the 1500s is reproduced below for those interested. Sections 1.10.32 and 1.10.33 from &#8220;de Finibus Bonorum et Malorum&#8221; by Cicero are also reproduced in their exact original form, accompanied by English versions from the 1914 translation by H. Rackham.he standard chunk of Lorem Ipsum used since the 1500s is reproduced below for those interested. Sections 1.10.32 and 1.10.33 from &#8220;de Finibus Bonorum et Malorum&#8221; by Cicero are also reproduced in their exact original form, accompanied by English versions from the 1914 translation by H. Rackham.he standard chunk of Lorem Ipsum used since the 1500s is reproduced below for those interested. Sections 1.10.32 and 1.10.33 from &#8220;de Finibus Bonorum et Malorum&#8221; by Cicero are also reproduced in their exact original form, accompanied by English versions from the 1914 translation by H. Rackham.</p>
]]></content:encoded>
					
					<wfw:commentRss>/our-freight-servies/feed/</wfw:commentRss>
			<slash:comments>0</slash:comments>
		
		
			</item>
	</channel>
</rss>
